SNP1	cisGene	SNP2	transGene	cisZscore	cisSNPChr	cisSNPPos	transZscore	transSNPChr	transSNPPos	Zscore	SNPChr	SNPPos
rs12485444	ENSG00000113916	rs1024467	ENSG00000135148	9.7178	3	188135783	-7.4143	3	188135783	4.8642	12	113187354
rs2731439	ENSG00000123268	rs1000778	ENSG00000167995	36.4794	12	51060350	-5.9227	12	51060350	13.4065	11	61655305
rs2731439	ENSG00000123268	rs1000778	ENSG00000167995	36.4794	12	51060350	-5.9227	12	51060350	13.4065	11	61655305
rs9532563	ENSG00000120690	chr3:46757116	ENSG00000183625	-4.5913	13	41160270	5.2351	13	41160270	4.7942	3	46757116
rs9532563	ENSG00000120690	rs1001007	ENSG00000183625	-4.5913	13	41160270	5.2351	13	41160270	-34.2314	3	46428658
rs9532563	ENSG00000120690	rs1001007	ENSG00000183625	-4.5913	13	41160270	5.2351	13	41160270	-34.2314	3	46428658
rs17056278	ENSG00000164330	rs1005455	ENSG00000101017	-4.7292	5	158252438	-4.8438	5	158252438	5.2234	20	44264887
rs17056278	ENSG00000164330	rs1005455	ENSG00000101017	-4.7292	5	158252438	-4.8438	5	158252438	5.2234	20	44264887
rs7968440	ENSG00000123268	rs1008438	ENSG00000204390	36.6842	12	51134741	4.6791	12	51134741	-10.0868	6	31783208
rs7968440	ENSG00000123268	rs1008438	ENSG00000204390	36.6842	12	51134741	4.6791	12	51134741	-10.0868	6	31783208
rs9532563	ENSG00000120690	chr3:46757116	ENSG00000183625	-4.5913	13	41160270	5.2351	13	41160270	4.7942	3	46757116
rs9532563	ENSG00000120690	chr3:46757116	ENSG00000183625	-4.5913	13	41160270	5.2351	13	41160270	4.7942	3	46757116
rs17056278	ENSG00000164330	rs1005455	ENSG00000101017	-4.7292	5	158252438	-4.8438	5	158252438	5.2234	20	44264887
rs7968440	ENSG00000123268	rs1008438	ENSG00000204390	36.6842	12	51134741	4.6791	12	51134741	-10.0868	6	31783208
rs7968440	ENSG00000123268	rs1008438	ENSG00000204390	36.6842	12	51134741	4.6791	12	51134741	-10.0868	6	31783208
rs9532563	ENSG00000120690	chr3:46757116	ENSG00000183625	-4.5913	13	41160270	5.2351	13	41160270	4.7942	3	46757116
rs9532563	ENSG00000120690	chr3:46757116	ENSG00000183625	-4.5913	13	41160270	5.2351	13	41160270	4.7942	3	46757116
rs17056278	ENSG00000164330	rs1005455	ENSG00000101017	-4.7292	5	158252438	-4.8438	5	158252438	5.2234	20	44264887
rs17056278	ENSG00000164330	rs1005455	ENSG00000101017	-4.7292	5	158252438	-4.8438	5	158252438	5.2234	20	44264887
rs115306967	ENSG00000204304	rs1004439	ENSG00000240505	-6.2462	6	32400939	-5.0484	6	32400939	-5.7456	17	16841924
rs115306967	ENSG00000204304	rs1004439	ENSG00000240505	-6.2462	6	32400939	-5.0484	6	32400939	-5.7456	17	16841924
rs10991814	ENSG00000165030	rs10159433	ENSG00000176083	-6.6143	9	93949075	-5.1417	9	93949075	-11.0306	1	26618370
rs10991814	ENSG00000165030	rs10159433	ENSG00000176083	-6.6143	9	93949075	-5.1417	9	93949075	-11.0306	1	26618370
rs17056278	ENSG00000164330	rs1005455	ENSG00000101017	-4.7292	5	158252438	-4.8438	5	158252438	5.2234	20	44264887
rs3802826	ENSG00000134954	rs10161486	ENSG00000150045	5.1989	11	128406438	-5.125	11	128406438	4.6828	12	10609766
rs9532563	ENSG00000120690	chr3:46757116	ENSG00000183625	-4.5913	13	41160270	5.2351	13	41160270	4.7942	3	46757116
rs9532563	ENSG00000120690	chr3:46757116	ENSG00000183625	-4.5913	13	41160270	5.2351	13	41160270	4.7942	3	46757116
rs10991814	ENSG00000165030	rs10159433	ENSG00000176083	-6.6143	9	93949075	-5.1417	9	93949075	-11.0306	1	26618370
rs10991814	ENSG00000165030	rs10159433	ENSG00000176083	-6.6143	9	93949075	-5.1417	9	93949075	-11.0306	1	26618370
rs115306967	ENSG00000204304	rs1004439	ENSG00000240505	-6.2462	6	32400939	-5.0484	6	32400939	-5.7456	17	16841924
rs115306967	ENSG00000204304	rs1004439	ENSG00000240505	-6.2462	6	32400939	-5.0484	6	32400939	-5.7456	17	16841924
rs10991814	ENSG00000165030	rs10159433	ENSG00000176083	-6.6143	9	93949075	-5.1417	9	93949075	-11.0306	1	26618370
rs10991814	ENSG00000165030	rs10159433	ENSG00000176083	-6.6143	9	93949075	-5.1417	9	93949075	-11.0306	1	26618370
rs115306967	ENSG00000204304	rs1004439	ENSG00000240505	-6.2462	6	32400939	-5.0484	6	32400939	-5.7456	17	16841924
rs115306967	ENSG00000204304	rs1004439	ENSG00000240505	-6.2462	6	32400939	-5.0484	6	32400939	-5.7456	17	16841924
rs10991814	ENSG00000165030	rs10159433	ENSG00000176083	-6.6143	9	93949075	-5.1417	9	93949075	-11.0306	1	26618370
rs10991814	ENSG00000165030	rs10159433	ENSG00000176083	-6.6143	9	93949075	-5.1417	9	93949075	-11.0306	1	26618370
rs6782228	ENSG00000179348	chr12:10763175	ENSG00000172322	5.5551	3	128323424	-4.8276	3	128323424	5.2381	12	10763175
rs6782228	ENSG00000179348	chr12:10763175	ENSG00000172322	5.5551	3	128323424	-4.8276	3	128323424	5.2381	12	10763175
rs6782228	ENSG00000179348	chr12:10763175	ENSG00000172322	5.5551	3	128323424	-4.8276	3	128323424	5.2381	12	10763175
rs6782228	ENSG00000179348	chr12:10763175	ENSG00000172322	5.5551	3	128323424	-4.8276	3	128323424	5.2381	12	10763175
rs6782228	ENSG00000179348	chr12:10763175	ENSG00000172322	5.5551	3	128323424	-4.8276	3	128323424	5.2381	12	10763175
rs6782228	ENSG00000179348	chr12:10763175	ENSG00000172322	5.5551	3	128323424	-4.8276	3	128323424	5.2381	12	10763175
rs6782228	ENSG00000179348	chr12:10763175	ENSG00000172322	5.5551	3	128323424	-4.8276	3	128323424	5.2381	12	10763175
rs6782228	ENSG00000179348	chr12:10763175	ENSG00000172322	5.5551	3	128323424	-4.8276	3	128323424	5.2381	12	10763175
rs2731439	ENSG00000123268	rs1000778	ENSG00000167995	36.4794	12	51060350	-5.9227	12	51060350	13.4065	11	61655305
rs2731439	ENSG00000123268	rs1000778	ENSG00000167995	36.4794	12	51060350	-5.9227	12	51060350	13.4065	11	61655305
rs9532563	ENSG00000120690	rs1001007	ENSG00000183625	-4.5913	13	41160270	5.2351	13	41160270	-34.2314	3	46428658
rs9532563	ENSG00000120690	rs1001007	ENSG00000183625	-4.5913	13	41160270	5.2351	13	41160270	-34.2314	3	46428658
rs6782228	ENSG00000179348	chr12:10763175	ENSG00000172322	5.5551	3	128323424	-4.8276	3	128323424	5.2381	12	10763175
rs6782228	ENSG00000179348	chr12:10763175	ENSG00000172322	5.5551	3	128323424	-4.8276	3	128323424	5.2381	12	10763175
rs6782228	ENSG00000179348	chr12:10763175	ENSG00000172322	5.5551	3	128323424	-4.8276	3	128323424	5.2381	12	10763175
rs6782228	ENSG00000179348	chr12:10763175	ENSG00000172322	5.5551	3	128323424	-4.8276	3	128323424	5.2381	12	10763175
rs115306967	ENSG00000204304	rs1004439	ENSG00000240505	-6.2462	6	32400939	-5.0484	6	32400939	-5.7456	17	16841924
rs9532563	ENSG00000120690	chr3:46757116	ENSG00000183625	-4.5913	13	41160270	5.2351	13	41160270	4.7942	3	46757116
rs9532563	ENSG00000120690	rs1001007	ENSG00000183625	-4.5913	13	41160270	5.2351	13	41160270	-34.2314	3	46428658
rs2731439	ENSG00000123268	rs1000778	ENSG00000167995	36.4794	12	51060350	-5.9227	12	51060350	13.4065	11	61655305
rs2731439	ENSG00000123268	rs1000778	ENSG00000167995	36.4794	12	51060350	-5.9227	12	51060350	13.4065	11	61655305
rs7968440	ENSG00000123268	rs1008438	ENSG00000204390	36.6842	12	51134741	4.6791	12	51134741	-10.0868	6	31783208
rs7968440	ENSG00000123268	rs1008438	ENSG00000204390	36.6842	12	51134741	4.6791	12	51134741	-10.0868	6	31783208
rs9532563	ENSG00000120690	rs1001007	ENSG00000183625	-4.5913	13	41160270	5.2351	13	41160270	-34.2314	3	46428658
rs3802826	ENSG00000134954	rs10161486	ENSG00000150045	5.1989	11	128406438	-5.125	11	128406438	4.6828	12	10609766
rs2731439	ENSG00000123268	rs1000778	ENSG00000167995	36.4794	12	51060350	-5.9227	12	51060350	13.4065	11	61655305
rs2731439	ENSG00000123268	rs1000778	ENSG00000167995	36.4794	12	51060350	-5.9227	12	51060350	13.4065	11	61655305
rs9532563	ENSG00000120690	chr3:46757116	ENSG00000183625	-4.5913	13	41160270	5.2351	13	41160270	4.7942	3	46757116
rs9532563	ENSG00000120690	rs1001007	ENSG00000183625	-4.5913	13	41160270	5.2351	13	41160270	-34.2314	3	46428658
rs9532563	ENSG00000120690	rs1001007	ENSG00000183625	-4.5913	13	41160270	5.2351	13	41160270	-34.2314	3	46428658
rs7968440	ENSG00000123268	chr6:31783863	ENSG00000204390	36.6842	12	51134741	4.6791	12	51134741	-10.8395	6	31783863
rs9532563	ENSG00000120690	rs1001007	ENSG00000183625	-4.5913	13	41160270	5.2351	13	41160270	-34.2314	3	46428658
rs9532563	ENSG00000120690	rs1001007	ENSG00000183625	-4.5913	13	41160270	5.2351	13	41160270	-34.2314	3	46428658
rs17056278	ENSG00000164330	rs1005455	ENSG00000101017	-4.7292	5	158252438	-4.8438	5	158252438	5.2234	20	44264887
rs115306967	ENSG00000204304	rs1004439	ENSG00000240505	-6.2462	6	32400939	-5.0484	6	32400939	-5.7456	17	16841924
rs9532563	ENSG00000120690	chr3:46757116	ENSG00000183625	-4.5913	13	41160270	5.2351	13	41160270	4.7942	3	46757116
rs9532563	ENSG00000120690	chr3:46757116	ENSG00000183625	-4.5913	13	41160270	5.2351	13	41160270	4.7942	3	46757116
rs10991814	ENSG00000165030	rs10159433	ENSG00000176083	-6.6143	9	93949075	-5.1417	9	93949075	-11.0306	1	26618370
rs10991814	ENSG00000165030	rs10159433	ENSG00000176083	-6.6143	9	93949075	-5.1417	9	93949075	-11.0306	1	26618370
rs17056278	ENSG00000164330	rs1005455	ENSG00000101017	-4.7292	5	158252438	-4.8438	5	158252438	5.2234	20	44264887
rs17056278	ENSG00000164330	rs1005455	ENSG00000101017	-4.7292	5	158252438	-4.8438	5	158252438	5.2234	20	44264887
rs3802826	ENSG00000134954	rs10161486	ENSG00000150045	5.1989	11	128406438	-5.125	11	128406438	4.6828	12	10609766
rs12485444	ENSG00000113916	rs1024467	ENSG00000135148	9.7178	3	188135783	-7.4143	3	188135783	4.8642	12	113187354
rs12485444	ENSG00000113916	rs1024467	ENSG00000135148	9.7178	3	188135783	-7.4143	3	188135783	4.8642	12	113187354
rs3802826	ENSG00000134954	rs10161486	ENSG00000150045	5.1989	11	128406438	-5.125	11	128406438	4.6828	12	10609766
rs12485444	ENSG00000113916	rs1024467	ENSG00000135148	9.7178	3	188135783	-7.4143	3	188135783	4.8642	12	113187354
rs17056278	ENSG00000164330	rs1005455	ENSG00000101017	-4.7292	5	158252438	-4.8438	5	158252438	5.2234	20	44264887
rs12485444	ENSG00000113916	rs1024467	ENSG00000135148	9.7178	3	188135783	-7.4143	3	188135783	4.8642	12	113187354
rs2731439	ENSG00000123268	rs1000778	ENSG00000167995	36.4794	12	51060350	-5.9227	12	51060350	13.4065	11	61655305
rs2731439	ENSG00000123268	rs1000778	ENSG00000167995	36.4794	12	51060350	-5.9227	12	51060350	13.4065	11	61655305
rs6782228	ENSG00000179348	chr12:10763175	ENSG00000172322	5.5551	3	128323424	-4.8276	3	128323424	5.2381	12	10763175
rs6782228	ENSG00000179348	chr12:10763175	ENSG00000172322	5.5551	3	128323424	-4.8276	3	128323424	5.2381	12	10763175
rs6782228	ENSG00000179348	chr12:10763175	ENSG00000172322	5.5551	3	128323424	-4.8276	3	128323424	5.2381	12	10763175
rs6782228	ENSG00000179348	chr12:10763175	ENSG00000172322	5.5551	3	128323424	-4.8276	3	128323424	5.2381	12	10763175
rs17056278	ENSG00000164330	rs1005455	ENSG00000101017	-4.7292	5	158252438	-4.8438	5	158252438	5.2234	20	44264887
rs17056278	ENSG00000164330	rs1005455	ENSG00000101017	-4.7292	5	158252438	-4.8438	5	158252438	5.2234	20	44264887
rs115306967	ENSG00000204304	rs1004439	ENSG00000240505	-6.2462	6	32400939	-5.0484	6	32400939	-5.7456	17	16841924
rs115306967	ENSG00000204304	rs1004439	ENSG00000240505	-6.2462	6	32400939	-5.0484	6	32400939	-5.7456	17	16841924
rs10991814	ENSG00000165030	rs10159433	ENSG00000176083	-6.6143	9	93949075	-5.1417	9	93949075	-11.0306	1	26618370
rs10991814	ENSG00000165030	rs10159433	ENSG00000176083	-6.6143	9	93949075	-5.1417	9	93949075	-11.0306	1	26618370
rs7968440	ENSG00000123268	chr6:31783863	ENSG00000204390	36.6842	12	51134741	4.6791	12	51134741	-10.8395	6	31783863
rs7968440	ENSG00000123268	chr6:31783863	ENSG00000204390	36.6842	12	51134741	4.6791	12	51134741	-10.8395	6	31783863
rs17056278	ENSG00000164330	rs1005455	ENSG00000101017	-4.7292	5	158252438	-4.8438	5	158252438	5.2234	20	44264887
rs17056278	ENSG00000164330	rs1005455	ENSG00000101017	-4.7292	5	158252438	-4.8438	5	158252438	5.2234	20	44264887
rs7968440	ENSG00000123268	rs1008438	ENSG00000204390	36.6842	12	51134741	4.6791	12	51134741	-10.0868	6	31783208
rs7968440	ENSG00000123268	rs1008438	ENSG00000204390	36.6842	12	51134741	4.6791	12	51134741	-10.0868	6	31783208
rs17056278	ENSG00000164330	rs1005455	ENSG00000101017	-4.7292	5	158252438	-4.8438	5	158252438	5.2234	20	44264887
rs17056278	ENSG00000164330	rs1005455	ENSG00000101017	-4.7292	5	158252438	-4.8438	5	158252438	5.2234	20	44264887
rs9532563	ENSG00000120690	chr3:46757116	ENSG00000183625	-4.5913	13	41160270	5.2351	13	41160270	4.7942	3	46757116
rs10991814	ENSG00000165030	rs10159433	ENSG00000176083	-6.6143	9	93949075	-5.1417	9	93949075	-11.0306	1	26618370
rs17056278	ENSG00000164330	rs1005455	ENSG00000101017	-4.7292	5	158252438	-4.8438	5	158252438	5.2234	20	44264887
rs17056278	ENSG00000164330	rs1005455	ENSG00000101017	-4.7292	5	158252438	-4.8438	5	158252438	5.2234	20	44264887
rs3802826	ENSG00000134954	rs10161486	ENSG00000150045	5.1989	11	128406438	-5.125	11	128406438	4.6828	12	10609766
rs2731439	ENSG00000123268	rs1000778	ENSG00000167995	36.4794	12	51060350	-5.9227	12	51060350	13.4065	11	61655305
rs9532563	ENSG00000120690	chr3:46757116	ENSG00000183625	-4.5913	13	41160270	5.2351	13	41160270	4.7942	3	46757116
rs2731439	ENSG00000123268	rs1000778	ENSG00000167995	36.4794	12	51060350	-5.9227	12	51060350	13.4065	11	61655305
rs17056278	ENSG00000164330	rs1005455	ENSG00000101017	-4.7292	5	158252438	-4.8438	5	158252438	5.2234	20	44264887
rs2731439	ENSG00000123268	rs1000778	ENSG00000167995	36.4794	12	51060350	-5.9227	12	51060350	13.4065	11	61655305
rs17056278	ENSG00000164330	rs1005455	ENSG00000101017	-4.7292	5	158252438	-4.8438	5	158252438	5.2234	20	44264887
rs2731439	ENSG00000123268	rs1000778	ENSG00000167995	36.4794	12	51060350	-5.9227	12	51060350	13.4065	11	61655305
rs9532563	ENSG00000120690	chr3:46757116	ENSG00000183625	-4.5913	13	41160270	5.2351	13	41160270	4.7942	3	46757116
rs3802826	ENSG00000134954	rs10161486	ENSG00000150045	5.1989	11	128406438	-5.125	11	128406438	4.6828	12	10609766
rs3802826	ENSG00000134954	rs10161486	ENSG00000150045	5.1989	11	128406438	-5.125	11	128406438	4.6828	12	10609766
rs17056278	ENSG00000164330	rs1005455	ENSG00000101017	-4.7292	5	158252438	-4.8438	5	158252438	5.2234	20	44264887
rs115306967	ENSG00000204304	rs1004439	ENSG00000240505	-6.2462	6	32400939	-5.0484	6	32400939	-5.7456	17	16841924
rs2731439	ENSG00000123268	rs1000778	ENSG00000167995	36.4794	12	51060350	-5.9227	12	51060350	13.4065	11	61655305
rs17056278	ENSG00000164330	rs1005455	ENSG00000101017	-4.7292	5	158252438	-4.8438	5	158252438	5.2234	20	44264887
rs7968440	ENSG00000123268	chr6:31783863	ENSG00000204390	36.6842	12	51134741	4.6791	12	51134741	-10.8395	6	31783863
rs7968440	ENSG00000123268	chr6:31783863	ENSG00000204390	36.6842	12	51134741	4.6791	12	51134741	-10.8395	6	31783863
rs7968440	ENSG00000123268	rs1008438	ENSG00000204390	36.6842	12	51134741	4.6791	12	51134741	-10.0868	6	31783208
rs7968440	ENSG00000123268	rs1008438	ENSG00000204390	36.6842	12	51134741	4.6791	12	51134741	-10.0868	6	31783208
rs7968440	ENSG00000123268	rs1008438	ENSG00000204390	36.6842	12	51134741	4.6791	12	51134741	-10.0868	6	31783208
rs7968440	ENSG00000123268	rs1008438	ENSG00000204390	36.6842	12	51134741	4.6791	12	51134741	-10.0868	6	31783208
rs9532563	ENSG00000120690	chr3:46757116	ENSG00000183625	-4.5913	13	41160270	5.2351	13	41160270	4.7942	3	46757116
rs17056278	ENSG00000164330	rs1005455	ENSG00000101017	-4.7292	5	158252438	-4.8438	5	158252438	5.2234	20	44264887
rs17056278	ENSG00000164330	rs1005455	ENSG00000101017	-4.7292	5	158252438	-4.8438	5	158252438	5.2234	20	44264887
rs17056278	ENSG00000164330	rs1005455	ENSG00000101017	-4.7292	5	158252438	-4.8438	5	158252438	5.2234	20	44264887
rs115306967	ENSG00000204304	rs1004439	ENSG00000240505	-6.2462	6	32400939	-5.0484	6	32400939	-5.7456	17	16841924
rs2731439	ENSG00000123268	rs1000778	ENSG00000167995	36.4794	12	51060350	-5.9227	12	51060350	13.4065	11	61655305
rs17056278	ENSG00000164330	rs1005455	ENSG00000101017	-4.7292	5	158252438	-4.8438	5	158252438	5.2234	20	44264887
rs115306967	ENSG00000204304	rs1004439	ENSG00000240505	-6.2462	6	32400939	-5.0484	6	32400939	-5.7456	17	16841924
rs17056278	ENSG00000164330	rs1005455	ENSG00000101017	-4.7292	5	158252438	-4.8438	5	158252438	5.2234	20	44264887
rs115306967	ENSG00000204304	rs1004439	ENSG00000240505	-6.2462	6	32400939	-5.0484	6	32400939	-5.7456	17	16841924
rs2731439	ENSG00000123268	rs1000778	ENSG00000167995	36.4794	12	51060350	-5.9227	12	51060350	13.4065	11	61655305
rs17056278	ENSG00000164330	rs1005455	ENSG00000101017	-4.7292	5	158252438	-4.8438	5	158252438	5.2234	20	44264887
rs17056278	ENSG00000164330	rs1005455	ENSG00000101017	-4.7292	5	158252438	-4.8438	5	158252438	5.2234	20	44264887
rs2731439	ENSG00000123268	rs1000778	ENSG00000167995	36.4794	12	51060350	-5.9227	12	51060350	13.4065	11	61655305
rs17056278	ENSG00000164330	rs1005455	ENSG00000101017	-4.7292	5	158252438	-4.8438	5	158252438	5.2234	20	44264887
rs115306967	ENSG00000204304	rs1004439	ENSG00000240505	-6.2462	6	32400939	-5.0484	6	32400939	-5.7456	17	16841924
rs2731439	ENSG00000123268	rs1000778	ENSG00000167995	36.4794	12	51060350	-5.9227	12	51060350	13.4065	11	61655305
rs2731439	ENSG00000123268	rs1000778	ENSG00000167995	36.4794	12	51060350	-5.9227	12	51060350	13.4065	11	61655305
rs9532563	ENSG00000120690	rs1001007	ENSG00000183625	-4.5913	13	41160270	5.2351	13	41160270	-34.2314	3	46428658
rs9532563	ENSG00000120690	rs1001007	ENSG00000183625	-4.5913	13	41160270	5.2351	13	41160270	-34.2314	3	46428658
rs17056278	ENSG00000164330	rs1005455	ENSG00000101017	-4.7292	5	158252438	-4.8438	5	158252438	5.2234	20	44264887
rs6782228	ENSG00000179348	chr12:10763175	ENSG00000172322	5.5551	3	128323424	-4.8276	3	128323424	5.2381	12	10763175
rs6782228	ENSG00000179348	chr12:10763175	ENSG00000172322	5.5551	3	128323424	-4.8276	3	128323424	5.2381	12	10763175
rs17056278	ENSG00000164330	rs1005455	ENSG00000101017	-4.7292	5	158252438	-4.8438	5	158252438	5.2234	20	44264887
rs6782228	ENSG00000179348	chr12:10763175	ENSG00000172322	5.5551	3	128323424	-4.8276	3	128323424	5.2381	12	10763175
rs6782228	ENSG00000179348	chr12:10763175	ENSG00000172322	5.5551	3	128323424	-4.8276	3	128323424	5.2381	12	10763175
rs6782228	ENSG00000179348	chr12:10763175	ENSG00000172322	5.5551	3	128323424	-4.8276	3	128323424	5.2381	12	10763175
rs6782228	ENSG00000179348	chr12:10763175	ENSG00000172322	5.5551	3	128323424	-4.8276	3	128323424	5.2381	12	10763175
rs2731439	ENSG00000123268	rs1000778	ENSG00000167995	36.4794	12	51060350	-5.9227	12	51060350	13.4065	11	61655305
rs7968440	ENSG00000123268	chr6:31797272	ENSG00000204390	36.6842	12	51134741	4.6791	12	51134741	-11.9881	6	31797272
rs3802826	ENSG00000134954	rs10161486	ENSG00000150045	5.1989	11	128406438	-5.125	11	128406438	4.6828	12	10609766
rs2731439	ENSG00000123268	rs1000778	ENSG00000167995	36.4794	12	51060350	-5.9227	12	51060350	13.4065	11	61655305
rs3802826	ENSG00000134954	rs10161486	ENSG00000150045	5.1989	11	128406438	-5.125	11	128406438	4.6828	12	10609766
rs2731439	ENSG00000123268	rs1000778	ENSG00000167995	36.4794	12	51060350	-5.9227	12	51060350	13.4065	11	61655305
rs17056278	ENSG00000164330	rs1005455	ENSG00000101017	-4.7292	5	158252438	-4.8438	5	158252438	5.2234	20	44264887
rs3802826	ENSG00000134954	rs10161486	ENSG00000150045	5.1989	11	128406438	-5.125	11	128406438	4.6828	12	10609766
rs2731439	ENSG00000123268	rs1000778	ENSG00000167995	36.4794	12	51060350	-5.9227	12	51060350	13.4065	11	61655305
rs17056278	ENSG00000164330	rs1005455	ENSG00000101017	-4.7292	5	158252438	-4.8438	5	158252438	5.2234	20	44264887
rs2731439	ENSG00000123268	rs1000778	ENSG00000167995	36.4794	12	51060350	-5.9227	12	51060350	13.4065	11	61655305
rs3802826	ENSG00000134954	rs10161486	ENSG00000150045	5.1989	11	128406438	-5.125	11	128406438	4.6828	12	10609766
rs2731439	ENSG00000123268	rs1000778	ENSG00000167995	36.4794	12	51060350	-5.9227	12	51060350	13.4065	11	61655305
rs7968440	ENSG00000123268	chr6:31797272	ENSG00000204390	36.6842	12	51134741	4.6791	12	51134741	-11.9881	6	31797272
rs17056278	ENSG00000164330	rs1005455	ENSG00000101017	-4.7292	5	158252438	-4.8438	5	158252438	5.2234	20	44264887
rs3802826	ENSG00000134954	rs10161486	ENSG00000150045	5.1989	11	128406438	-5.125	11	128406438	4.6828	12	10609766
rs2731439	ENSG00000123268	rs1000778	ENSG00000167995	36.4794	12	51060350	-5.9227	12	51060350	13.4065	11	61655305
rs2731439	ENSG00000123268	rs1000778	ENSG00000167995	36.4794	12	51060350	-5.9227	12	51060350	13.4065	11	61655305
rs17056278	ENSG00000164330	rs1005455	ENSG00000101017	-4.7292	5	158252438	-4.8438	5	158252438	5.2234	20	44264887
rs3802826	ENSG00000134954	rs10161486	ENSG00000150045	5.1989	11	128406438	-5.125	11	128406438	4.6828	12	10609766
rs2731439	ENSG00000123268	rs1000778	ENSG00000167995	36.4794	12	51060350	-5.9227	12	51060350	13.4065	11	61655305
rs17056278	ENSG00000164330	rs1005455	ENSG00000101017	-4.7292	5	158252438	-4.8438	5	158252438	5.2234	20	44264887
rs2731439	ENSG00000123268	rs1000778	ENSG00000167995	36.4794	12	51060350	-5.9227	12	51060350	13.4065	11	61655305
rs2731439	ENSG00000123268	rs1000778	ENSG00000167995	36.4794	12	51060350	-5.9227	12	51060350	13.4065	11	61655305
rs2731439	ENSG00000123268	rs1000778	ENSG00000167995	36.4794	12	51060350	-5.9227	12	51060350	13.4065	11	61655305
rs9532563	ENSG00000120690	rs1001007	ENSG00000183625	-4.5913	13	41160270	5.2351	13	41160270	-34.2314	3	46428658
rs9532563	ENSG00000120690	rs1001007	ENSG00000183625	-4.5913	13	41160270	5.2351	13	41160270	-34.2314	3	46428658
rs2731439	ENSG00000123268	rs1000778	ENSG00000167995	36.4794	12	51060350	-5.9227	12	51060350	13.4065	11	61655305
rs2731439	ENSG00000123268	rs1000778	ENSG00000167995	36.4794	12	51060350	-5.9227	12	51060350	13.4065	11	61655305
rs9532563	ENSG00000120690	rs1001007	ENSG00000183625	-4.5913	13	41160270	5.2351	13	41160270	-34.2314	3	46428658
rs9532563	ENSG00000120690	rs1001007	ENSG00000183625	-4.5913	13	41160270	5.2351	13	41160270	-34.2314	3	46428658
rs9532563	ENSG00000120690	chr3:46757116	ENSG00000183625	-4.5913	13	41160270	5.2351	13	41160270	4.7942	3	46757116
rs17056278	ENSG00000164330	rs1005455	ENSG00000101017	-4.7292	5	158252438	-4.8438	5	158252438	5.2234	20	44264887
rs115306967	ENSG00000204304	rs1004439	ENSG00000240505	-6.2462	6	32400939	-5.0484	6	32400939	-5.7456	17	16841924
rs2731439	ENSG00000123268	rs1000778	ENSG00000167995	36.4794	12	51060350	-5.9227	12	51060350	13.4065	11	61655305
rs9532563	ENSG00000120690	rs1001007	ENSG00000183625	-4.5913	13	41160270	5.2351	13	41160270	-34.2314	3	46428658
rs3802826	ENSG00000134954	rs10161486	ENSG00000150045	5.1989	11	128406438	-5.125	11	128406438	4.6828	12	10609766
rs12485444	ENSG00000113916	rs1024467	ENSG00000135148	9.7178	3	188135783	-7.4143	3	188135783	4.8642	12	113187354
rs9532563	ENSG00000120690	rs1001007	ENSG00000183625	-4.5913	13	41160270	5.2351	13	41160270	-34.2314	3	46428658
rs9532563	ENSG00000120690	rs1001007	ENSG00000183625	-4.5913	13	41160270	5.2351	13	41160270	-34.2314	3	46428658
rs9532563	ENSG00000120690	rs1001007	ENSG00000183625	-4.5913	13	41160270	5.2351	13	41160270	-34.2314	3	46428658
rs9532563	ENSG00000120690	rs1001007	ENSG00000183625	-4.5913	13	41160270	5.2351	13	41160270	-34.2314	3	46428658
rs17056278	ENSG00000164330	rs1005455	ENSG00000101017	-4.7292	5	158252438	-4.8438	5	158252438	5.2234	20	44264887
rs2731439	ENSG00000123268	rs1000778	ENSG00000167995	36.4794	12	51060350	-5.9227	12	51060350	13.4065	11	61655305
rs7968440	ENSG00000123268	chr6:31783863	ENSG00000204390	36.6842	12	51134741	4.6791	12	51134741	-10.8395	6	31783863
rs9532563	ENSG00000120690	chr3:46757116	ENSG00000183625	-4.5913	13	41160270	5.2351	13	41160270	4.7942	3	46757116
rs3802826	ENSG00000134954	rs10161486	ENSG00000150045	5.1989	11	128406438	-5.125	11	128406438	4.6828	12	10609766
rs3802826	ENSG00000134954	rs10161486	ENSG00000150045	5.1989	11	128406438	-5.125	11	128406438	4.6828	12	10609766
rs17056278	ENSG00000164330	rs1005455	ENSG00000101017	-4.7292	5	158252438	-4.8438	5	158252438	5.2234	20	44264887
rs17056278	ENSG00000164330	rs1005455	ENSG00000101017	-4.7292	5	158252438	-4.8438	5	158252438	5.2234	20	44264887
rs115306967	ENSG00000204304	rs1004439	ENSG00000240505	-6.2462	6	32400939	-5.0484	6	32400939	-5.7456	17	16841924
rs115306967	ENSG00000204304	rs1004439	ENSG00000240505	-6.2462	6	32400939	-5.0484	6	32400939	-5.7456	17	16841924
rs9532563	ENSG00000120690	chr3:46757116	ENSG00000183625	-4.5913	13	41160270	5.2351	13	41160270	4.7942	3	46757116
rs10991814	ENSG00000165030	rs10159433	ENSG00000176083	-6.6143	9	93949075	-5.1417	9	93949075	-11.0306	1	26618370
rs10991814	ENSG00000165030	rs10159433	ENSG00000176083	-6.6143	9	93949075	-5.1417	9	93949075	-11.0306	1	26618370
rs12485444	ENSG00000113916	rs1024467	ENSG00000135148	9.7178	3	188135783	-7.4143	3	188135783	4.8642	12	113187354
rs2731439	ENSG00000123268	rs1000778	ENSG00000167995	36.4794	12	51060350	-5.9227	12	51060350	13.4065	11	61655305
rs7968440	ENSG00000123268	rs1008438	ENSG00000204390	36.6842	12	51134741	4.6791	12	51134741	-10.0868	6	31783208
rs7968440	ENSG00000123268	rs1008438	ENSG00000204390	36.6842	12	51134741	4.6791	12	51134741	-10.0868	6	31783208
rs7968440	ENSG00000123268	rs1008438	ENSG00000204390	36.6842	12	51134741	4.6791	12	51134741	-10.0868	6	31783208
rs7968440	ENSG00000123268	rs1008438	ENSG00000204390	36.6842	12	51134741	4.6791	12	51134741	-10.0868	6	31783208
rs10991814	ENSG00000165030	rs10159433	ENSG00000176083	-6.6143	9	93949075	-5.1417	9	93949075	-11.0306	1	26618370
rs7968440	ENSG00000123268	chr6:31783863	ENSG00000204390	36.6842	12	51134741	4.6791	12	51134741	-10.8395	6	31783863
rs7968440	ENSG00000123268	rs1008438	ENSG00000204390	36.6842	12	51134741	4.6791	12	51134741	-10.0868	6	31783208
rs7968440	ENSG00000123268	rs1008438	ENSG00000204390	36.6842	12	51134741	4.6791	12	51134741	-10.0868	6	31783208
rs2731439	ENSG00000123268	rs1000778	ENSG00000167995	36.4794	12	51060350	-5.9227	12	51060350	13.4065	11	61655305
rs9532563	ENSG00000120690	rs1001007	ENSG00000183625	-4.5913	13	41160270	5.2351	13	41160270	-34.2314	3	46428658
rs2731439	ENSG00000123268	rs1000778	ENSG00000167995	36.4794	12	51060350	-5.9227	12	51060350	13.4065	11	61655305
rs17056278	ENSG00000164330	rs1005455	ENSG00000101017	-4.7292	5	158252438	-4.8438	5	158252438	5.2234	20	44264887
rs17056278	ENSG00000164330	rs1005455	ENSG00000101017	-4.7292	5	158252438	-4.8438	5	158252438	5.2234	20	44264887
rs12485444	ENSG00000113916	rs1024467	ENSG00000135148	9.7178	3	188135783	-7.4143	3	188135783	4.8642	12	113187354
rs3802826	ENSG00000134954	rs10161486	ENSG00000150045	5.1989	11	128406438	-5.125	11	128406438	4.6828	12	10609766
rs2731439	ENSG00000123268	rs1000778	ENSG00000167995	36.4794	12	51060350	-5.9227	12	51060350	13.4065	11	61655305
rs2731439	ENSG00000123268	rs1000778	ENSG00000167995	36.4794	12	51060350	-5.9227	12	51060350	13.4065	11	61655305
rs7968440	ENSG00000123268	rs1008438	ENSG00000204390	36.6842	12	51134741	4.6791	12	51134741	-10.0868	6	31783208
rs7968440	ENSG00000123268	rs1008438	ENSG00000204390	36.6842	12	51134741	4.6791	12	51134741	-10.0868	6	31783208
rs17056278	ENSG00000164330	rs1005455	ENSG00000101017	-4.7292	5	158252438	-4.8438	5	158252438	5.2234	20	44264887
rs12485444	ENSG00000113916	rs1024467	ENSG00000135148	9.7178	3	188135783	-7.4143	3	188135783	4.8642	12	113187354
rs2731439	ENSG00000123268	rs1000778	ENSG00000167995	36.4794	12	51060350	-5.9227	12	51060350	13.4065	11	61655305
rs7968440	ENSG00000123268	rs1008438	ENSG00000204390	36.6842	12	51134741	4.6791	12	51134741	-10.0868	6	31783208
rs7968440	ENSG00000123268	rs1008438	ENSG00000204390	36.6842	12	51134741	4.6791	12	51134741	-10.0868	6	31783208
rs2731439	ENSG00000123268	rs1000778	ENSG00000167995	36.4794	12	51060350	-5.9227	12	51060350	13.4065	11	61655305
rs17056278	ENSG00000164330	rs1005455	ENSG00000101017	-4.7292	5	158252438	-4.8438	5	158252438	5.2234	20	44264887
rs12485444	ENSG00000113916	rs1024467	ENSG00000135148	9.7178	3	188135783	-7.4143	3	188135783	4.8642	12	113187354
rs6782228	ENSG00000179348	chr12:10763175	ENSG00000172322	5.5551	3	128323424	-4.8276	3	128323424	5.2381	12	10763175
rs6782228	ENSG00000179348	chr12:10763175	ENSG00000172322	5.5551	3	128323424	-4.8276	3	128323424	5.2381	12	10763175
rs3802826	ENSG00000134954	rs10161486	ENSG00000150045	5.1989	11	128406438	-5.125	11	128406438	4.6828	12	10609766
rs3802826	ENSG00000134954	rs10161486	ENSG00000150045	5.1989	11	128406438	-5.125	11	128406438	4.6828	12	10609766
rs2731439	ENSG00000123268	rs1000778	ENSG00000167995	36.4794	12	51060350	-5.9227	12	51060350	13.4065	11	61655305
rs2731439	ENSG00000123268	rs1000778	ENSG00000167995	36.4794	12	51060350	-5.9227	12	51060350	13.4065	11	61655305
rs2731439	ENSG00000123268	rs1000778	ENSG00000167995	36.4794	12	51060350	-5.9227	12	51060350	13.4065	11	61655305
rs7968440	ENSG00000123268	rs1008438	ENSG00000204390	36.6842	12	51134741	4.6791	12	51134741	-10.0868	6	31783208
rs7968440	ENSG00000123268	rs1008438	ENSG00000204390	36.6842	12	51134741	4.6791	12	51134741	-10.0868	6	31783208
rs7968440	ENSG00000123268	rs1008438	ENSG00000204390	36.6842	12	51134741	4.6791	12	51134741	-10.0868	6	31783208
rs7968440	ENSG00000123268	rs1008438	ENSG00000204390	36.6842	12	51134741	4.6791	12	51134741	-10.0868	6	31783208
rs17056278	ENSG00000164330	rs1005455	ENSG00000101017	-4.7292	5	158252438	-4.8438	5	158252438	5.2234	20	44264887
rs12485444	ENSG00000113916	rs1024467	ENSG00000135148	9.7178	3	188135783	-7.4143	3	188135783	4.8642	12	113187354
rs7968440	ENSG00000123268	rs1008438	ENSG00000204390	36.6842	12	51134741	4.6791	12	51134741	-10.0868	6	31783208
rs7968440	ENSG00000123268	rs1008438	ENSG00000204390	36.6842	12	51134741	4.6791	12	51134741	-10.0868	6	31783208
rs17056278	ENSG00000164330	rs1005455	ENSG00000101017	-4.7292	5	158252438	-4.8438	5	158252438	5.2234	20	44264887
rs17056278	ENSG00000164330	rs1005455	ENSG00000101017	-4.7292	5	158252438	-4.8438	5	158252438	5.2234	20	44264887
rs12485444	ENSG00000113916	rs1024467	ENSG00000135148	9.7178	3	188135783	-7.4143	3	188135783	4.8642	12	113187354
rs2731439	ENSG00000123268	rs1000778	ENSG00000167995	36.4794	12	51060350	-5.9227	12	51060350	13.4065	11	61655305
rs7968440	ENSG00000123268	rs1008438	ENSG00000204390	36.6842	12	51134741	4.6791	12	51134741	-10.0868	6	31783208
rs7968440	ENSG00000123268	rs1008438	ENSG00000204390	36.6842	12	51134741	4.6791	12	51134741	-10.0868	6	31783208
rs17056278	ENSG00000164330	rs1005455	ENSG00000101017	-4.7292	5	158252438	-4.8438	5	158252438	5.2234	20	44264887
rs12485444	ENSG00000113916	rs1024467	ENSG00000135148	9.7178	3	188135783	-7.4143	3	188135783	4.8642	12	113187354
rs2731439	ENSG00000123268	rs1000778	ENSG00000167995	36.4794	12	51060350	-5.9227	12	51060350	13.4065	11	61655305
rs7968440	ENSG00000123268	rs1008438	ENSG00000204390	36.6842	12	51134741	4.6791	12	51134741	-10.0868	6	31783208
rs7968440	ENSG00000123268	rs1008438	ENSG00000204390	36.6842	12	51134741	4.6791	12	51134741	-10.0868	6	31783208
rs7968440	ENSG00000123268	rs1008438	ENSG00000204390	36.6842	12	51134741	4.6791	12	51134741	-10.0868	6	31783208
rs7968440	ENSG00000123268	rs1008438	ENSG00000204390	36.6842	12	51134741	4.6791	12	51134741	-10.0868	6	31783208
rs7968440	ENSG00000123268	rs1008438	ENSG00000204390	36.6842	12	51134741	4.6791	12	51134741	-10.0868	6	31783208
rs7968440	ENSG00000123268	rs1008438	ENSG00000204390	36.6842	12	51134741	4.6791	12	51134741	-10.0868	6	31783208
rs7968440	ENSG00000123268	rs1008438	ENSG00000204390	36.6842	12	51134741	4.6791	12	51134741	-10.0868	6	31783208
rs7968440	ENSG00000123268	rs1008438	ENSG00000204390	36.6842	12	51134741	4.6791	12	51134741	-10.0868	6	31783208
rs7968440	ENSG00000123268	rs1008438	ENSG00000204390	36.6842	12	51134741	4.6791	12	51134741	-10.0868	6	31783208
rs7968440	ENSG00000123268	rs1008438	ENSG00000204390	36.6842	12	51134741	4.6791	12	51134741	-10.0868	6	31783208
rs7968440	ENSG00000123268	rs1008438	ENSG00000204390	36.6842	12	51134741	4.6791	12	51134741	-10.0868	6	31783208
rs7968440	ENSG00000123268	rs1008438	ENSG00000204390	36.6842	12	51134741	4.6791	12	51134741	-10.0868	6	31783208
rs6782228	ENSG00000179348	chr12:10763175	ENSG00000172322	5.5551	3	128323424	-4.8276	3	128323424	5.2381	12	10763175
rs6782228	ENSG00000179348	chr12:10763175	ENSG00000172322	5.5551	3	128323424	-4.8276	3	128323424	5.2381	12	10763175
rs2731439	ENSG00000123268	rs1000778	ENSG00000167995	36.4794	12	51060350	-5.9227	12	51060350	13.4065	11	61655305
rs9532563	ENSG00000120690	rs1001007	ENSG00000183625	-4.5913	13	41160270	5.2351	13	41160270	-34.2314	3	46428658
rs9532563	ENSG00000120690	rs1001007	ENSG00000183625	-4.5913	13	41160270	5.2351	13	41160270	-34.2314	3	46428658
rs2731439	ENSG00000123268	rs1000778	ENSG00000167995	36.4794	12	51060350	-5.9227	12	51060350	13.4065	11	61655305
rs2731439	ENSG00000123268	rs1000778	ENSG00000167995	36.4794	12	51060350	-5.9227	12	51060350	13.4065	11	61655305
rs9532563	ENSG00000120690	chr3:46757116	ENSG00000183625	-4.5913	13	41160270	5.2351	13	41160270	4.7942	3	46757116
rs9532563	ENSG00000120690	rs1001007	ENSG00000183625	-4.5913	13	41160270	5.2351	13	41160270	-34.2314	3	46428658
rs9532563	ENSG00000120690	rs1001007	ENSG00000183625	-4.5913	13	41160270	5.2351	13	41160270	-34.2314	3	46428658
rs6782228	ENSG00000179348	chr12:10763175	ENSG00000172322	5.5551	3	128323424	-4.8276	3	128323424	5.2381	12	10763175
rs6782228	ENSG00000179348	chr12:10763175	ENSG00000172322	5.5551	3	128323424	-4.8276	3	128323424	5.2381	12	10763175
rs6782228	ENSG00000179348	chr12:10763175	ENSG00000172322	5.5551	3	128323424	-4.8276	3	128323424	5.2381	12	10763175
rs6782228	ENSG00000179348	chr12:10763175	ENSG00000172322	5.5551	3	128323424	-4.8276	3	128323424	5.2381	12	10763175
rs6782228	ENSG00000179348	chr12:10763175	ENSG00000172322	5.5551	3	128323424	-4.8276	3	128323424	5.2381	12	10763175
rs6782228	ENSG00000179348	chr12:10763175	ENSG00000172322	5.5551	3	128323424	-4.8276	3	128323424	5.2381	12	10763175
rs6782228	ENSG00000179348	chr12:10763175	ENSG00000172322	5.5551	3	128323424	-4.8276	3	128323424	5.2381	12	10763175
rs6782228	ENSG00000179348	chr12:10763175	ENSG00000172322	5.5551	3	128323424	-4.8276	3	128323424	5.2381	12	10763175
rs7968440	ENSG00000123268	rs1008438	ENSG00000204390	36.6842	12	51134741	4.6791	12	51134741	-10.0868	6	31783208
rs7968440	ENSG00000123268	rs1008438	ENSG00000204390	36.6842	12	51134741	4.6791	12	51134741	-10.0868	6	31783208
rs7968440	ENSG00000123268	rs1008438	ENSG00000204390	36.6842	12	51134741	4.6791	12	51134741	-10.0868	6	31783208
rs7968440	ENSG00000123268	rs1008438	ENSG00000204390	36.6842	12	51134741	4.6791	12	51134741	-10.0868	6	31783208
rs9532563	ENSG00000120690	chr3:46757116	ENSG00000183625	-4.5913	13	41160270	5.2351	13	41160270	4.7942	3	46757116
rs9532563	ENSG00000120690	chr3:46757116	ENSG00000183625	-4.5913	13	41160270	5.2351	13	41160270	4.7942	3	46757116
rs9532563	ENSG00000120690	chr3:46757116	ENSG00000183625	-4.5913	13	41160270	5.2351	13	41160270	4.7942	3	46757116
rs7968440	ENSG00000123268	rs1008438	ENSG00000204390	36.6842	12	51134741	4.6791	12	51134741	-10.0868	6	31783208
rs7968440	ENSG00000123268	rs1008438	ENSG00000204390	36.6842	12	51134741	4.6791	12	51134741	-10.0868	6	31783208
rs9532563	ENSG00000120690	chr3:46757116	ENSG00000183625	-4.5913	13	41160270	5.2351	13	41160270	4.7942	3	46757116
rs9532563	ENSG00000120690	chr3:46757116	ENSG00000183625	-4.5913	13	41160270	5.2351	13	41160270	4.7942	3	46757116
rs3802826	ENSG00000134954	rs10161486	ENSG00000150045	5.1989	11	128406438	-5.125	11	128406438	4.6828	12	10609766
rs2731439	ENSG00000123268	rs1000778	ENSG00000167995	36.4794	12	51060350	-5.9227	12	51060350	13.4065	11	61655305
rs2731439	ENSG00000123268	rs1000778	ENSG00000167995	36.4794	12	51060350	-5.9227	12	51060350	13.4065	11	61655305
rs2731439	ENSG00000123268	rs1000778	ENSG00000167995	36.4794	12	51060350	-5.9227	12	51060350	13.4065	11	61655305
rs6782228	ENSG00000179348	chr12:10763175	ENSG00000172322	5.5551	3	128323424	-4.8276	3	128323424	5.2381	12	10763175
rs6782228	ENSG00000179348	chr12:10763175	ENSG00000172322	5.5551	3	128323424	-4.8276	3	128323424	5.2381	12	10763175
rs6782228	ENSG00000179348	chr12:10763175	ENSG00000172322	5.5551	3	128323424	-4.8276	3	128323424	5.2381	12	10763175
rs6782228	ENSG00000179348	chr12:10763175	ENSG00000172322	5.5551	3	128323424	-4.8276	3	128323424	5.2381	12	10763175
rs3802826	ENSG00000134954	rs10161486	ENSG00000150045	5.1989	11	128406438	-5.125	11	128406438	4.6828	12	10609766
rs3802826	ENSG00000134954	rs10161486	ENSG00000150045	5.1989	11	128406438	-5.125	11	128406438	4.6828	12	10609766
rs2731439	ENSG00000123268	rs1000778	ENSG00000167995	36.4794	12	51060350	-5.9227	12	51060350	13.4065	11	61655305
rs2731439	ENSG00000123268	rs1000778	ENSG00000167995	36.4794	12	51060350	-5.9227	12	51060350	13.4065	11	61655305
rs3802826	ENSG00000134954	rs10161486	ENSG00000150045	5.1989	11	128406438	-5.125	11	128406438	4.6828	12	10609766
rs2731439	ENSG00000123268	rs1000778	ENSG00000167995	36.4794	12	51060350	-5.9227	12	51060350	13.4065	11	61655305
rs2731439	ENSG00000123268	rs1000778	ENSG00000167995	36.4794	12	51060350	-5.9227	12	51060350	13.4065	11	61655305
rs2731439	ENSG00000123268	rs1000778	ENSG00000167995	36.4794	12	51060350	-5.9227	12	51060350	13.4065	11	61655305
rs9532563	ENSG00000120690	chr3:46757116	ENSG00000183625	-4.5913	13	41160270	5.2351	13	41160270	4.7942	3	46757116
rs7968440	ENSG00000123268	chr6:31797272	ENSG00000204390	36.6842	12	51134741	4.6791	12	51134741	-11.9881	6	31797272
rs7968440	ENSG00000123268	chr6:31783863	ENSG00000204390	36.6842	12	51134741	4.6791	12	51134741	-10.8395	6	31783863
rs9532563	ENSG00000120690	chr3:46757116	ENSG00000183625	-4.5913	13	41160270	5.2351	13	41160270	4.7942	3	46757116
rs12485444	ENSG00000113916	rs1024467	ENSG00000135148	9.7178	3	188135783	-7.4143	3	188135783	4.8642	12	113187354
rs115306967	ENSG00000204304	rs1004439	ENSG00000240505	-6.2462	6	32400939	-5.0484	6	32400939	-5.7456	17	16841924
rs9532563	ENSG00000120690	chr3:46757116	ENSG00000183625	-4.5913	13	41160270	5.2351	13	41160270	4.7942	3	46757116
rs17056278	ENSG00000164330	rs1005455	ENSG00000101017	-4.7292	5	158252438	-4.8438	5	158252438	5.2234	20	44264887
rs2731439	ENSG00000123268	rs1000778	ENSG00000167995	36.4794	12	51060350	-5.9227	12	51060350	13.4065	11	61655305
rs7968440	ENSG00000123268	chr6:31797272	ENSG00000204390	36.6842	12	51134741	4.6791	12	51134741	-11.9881	6	31797272
rs7968440	ENSG00000123268	chr6:31797272	ENSG00000204390	36.6842	12	51134741	4.6791	12	51134741	-11.9881	6	31797272
rs17056278	ENSG00000164330	rs1005455	ENSG00000101017	-4.7292	5	158252438	-4.8438	5	158252438	5.2234	20	44264887
rs17056278	ENSG00000164330	rs1005455	ENSG00000101017	-4.7292	5	158252438	-4.8438	5	158252438	5.2234	20	44264887
rs7968440	ENSG00000123268	chr6:31797272	ENSG00000204390	36.6842	12	51134741	4.6791	12	51134741	-11.9881	6	31797272
rs17056278	ENSG00000164330	rs1005455	ENSG00000101017	-4.7292	5	158252438	-4.8438	5	158252438	5.2234	20	44264887
rs7968440	ENSG00000123268	chr6:31797272	ENSG00000204390	36.6842	12	51134741	4.6791	12	51134741	-11.9881	6	31797272
rs10991814	ENSG00000165030	rs10159433	ENSG00000176083	-6.6143	9	93949075	-5.1417	9	93949075	-11.0306	1	26618370
rs115306967	ENSG00000204304	rs1004439	ENSG00000240505	-6.2462	6	32400939	-5.0484	6	32400939	-5.7456	17	16841924
rs115306967	ENSG00000204304	rs1004439	ENSG00000240505	-6.2462	6	32400939	-5.0484	6	32400939	-5.7456	17	16841924
rs10991814	ENSG00000165030	rs10159433	ENSG00000176083	-6.6143	9	93949075	-5.1417	9	93949075	-11.0306	1	26618370
rs10991814	ENSG00000165030	rs10159433	ENSG00000176083	-6.6143	9	93949075	-5.1417	9	93949075	-11.0306	1	26618370
rs115306967	ENSG00000204304	rs1004439	ENSG00000240505	-6.2462	6	32400939	-5.0484	6	32400939	-5.7456	17	16841924
rs115306967	ENSG00000204304	rs1004439	ENSG00000240505	-6.2462	6	32400939	-5.0484	6	32400939	-5.7456	17	16841924
rs10991814	ENSG00000165030	rs10159433	ENSG00000176083	-6.6143	9	93949075	-5.1417	9	93949075	-11.0306	1	26618370
rs10991814	ENSG00000165030	rs10159433	ENSG00000176083	-6.6143	9	93949075	-5.1417	9	93949075	-11.0306	1	26618370
rs115306967	ENSG00000204304	rs1004439	ENSG00000240505	-6.2462	6	32400939	-5.0484	6	32400939	-5.7456	17	16841924
rs10991814	ENSG00000165030	rs10159433	ENSG00000176083	-6.6143	9	93949075	-5.1417	9	93949075	-11.0306	1	26618370
rs10991814	ENSG00000165030	rs10159433	ENSG00000176083	-6.6143	9	93949075	-5.1417	9	93949075	-11.0306	1	26618370
rs12485444	ENSG00000113916	rs1024467	ENSG00000135148	9.7178	3	188135783	-7.4143	3	188135783	4.8642	12	113187354
rs6782228	ENSG00000179348	chr12:10763175	ENSG00000172322	5.5551	3	128323424	-4.8276	3	128323424	5.2381	12	10763175
rs6782228	ENSG00000179348	chr12:10763175	ENSG00000172322	5.5551	3	128323424	-4.8276	3	128323424	5.2381	12	10763175
rs6782228	ENSG00000179348	chr12:10763175	ENSG00000172322	5.5551	3	128323424	-4.8276	3	128323424	5.2381	12	10763175
rs6782228	ENSG00000179348	chr12:10763175	ENSG00000172322	5.5551	3	128323424	-4.8276	3	128323424	5.2381	12	10763175
rs6782228	ENSG00000179348	chr12:10763175	ENSG00000172322	5.5551	3	128323424	-4.8276	3	128323424	5.2381	12	10763175
rs6782228	ENSG00000179348	chr12:10763175	ENSG00000172322	5.5551	3	128323424	-4.8276	3	128323424	5.2381	12	10763175
rs3802826	ENSG00000134954	rs10161486	ENSG00000150045	5.1989	11	128406438	-5.125	11	128406438	4.6828	12	10609766
rs2731439	ENSG00000123268	rs1000778	ENSG00000167995	36.4794	12	51060350	-5.9227	12	51060350	13.4065	11	61655305
rs2731439	ENSG00000123268	rs1000778	ENSG00000167995	36.4794	12	51060350	-5.9227	12	51060350	13.4065	11	61655305
rs7968440	ENSG00000123268	chr6:31783863	ENSG00000204390	36.6842	12	51134741	4.6791	12	51134741	-10.8395	6	31783863
rs7968440	ENSG00000123268	rs1008438	ENSG00000204390	36.6842	12	51134741	4.6791	12	51134741	-10.0868	6	31783208
rs7968440	ENSG00000123268	rs1008438	ENSG00000204390	36.6842	12	51134741	4.6791	12	51134741	-10.0868	6	31783208
rs7968440	ENSG00000123268	rs1008438	ENSG00000204390	36.6842	12	51134741	4.6791	12	51134741	-10.0868	6	31783208
rs7968440	ENSG00000123268	rs1008438	ENSG00000204390	36.6842	12	51134741	4.6791	12	51134741	-10.0868	6	31783208
rs9532563	ENSG00000120690	chr3:46757116	ENSG00000183625	-4.5913	13	41160270	5.2351	13	41160270	4.7942	3	46757116
rs2731439	ENSG00000123268	rs1000778	ENSG00000167995	36.4794	12	51060350	-5.9227	12	51060350	13.4065	11	61655305
rs9532563	ENSG00000120690	chr3:46757116	ENSG00000183625	-4.5913	13	41160270	5.2351	13	41160270	4.7942	3	46757116
rs12485444	ENSG00000113916	rs1024467	ENSG00000135148	9.7178	3	188135783	-7.4143	3	188135783	4.8642	12	113187354
rs7968440	ENSG00000123268	rs1008438	ENSG00000204390	36.6842	12	51134741	4.6791	12	51134741	-10.0868	6	31783208
rs7968440	ENSG00000123268	rs1008438	ENSG00000204390	36.6842	12	51134741	4.6791	12	51134741	-10.0868	6	31783208
rs7968440	ENSG00000123268	rs1008438	ENSG00000204390	36.6842	12	51134741	4.6791	12	51134741	-10.0868	6	31783208
rs7968440	ENSG00000123268	rs1008438	ENSG00000204390	36.6842	12	51134741	4.6791	12	51134741	-10.0868	6	31783208
rs12485444	ENSG00000113916	rs1024467	ENSG00000135148	9.7178	3	188135783	-7.4143	3	188135783	4.8642	12	113187354
rs6782228	ENSG00000179348	chr12:10763175	ENSG00000172322	5.5551	3	128323424	-4.8276	3	128323424	5.2381	12	10763175
rs6782228	ENSG00000179348	chr12:10763175	ENSG00000172322	5.5551	3	128323424	-4.8276	3	128323424	5.2381	12	10763175
rs17056278	ENSG00000164330	rs1005455	ENSG00000101017	-4.7292	5	158252438	-4.8438	5	158252438	5.2234	20	44264887
rs2731439	ENSG00000123268	rs1000778	ENSG00000167995	36.4794	12	51060350	-5.9227	12	51060350	13.4065	11	61655305
rs7968440	ENSG00000123268	rs1008438	ENSG00000204390	36.6842	12	51134741	4.6791	12	51134741	-10.0868	6	31783208
rs7968440	ENSG00000123268	rs1008438	ENSG00000204390	36.6842	12	51134741	4.6791	12	51134741	-10.0868	6	31783208
rs7968440	ENSG00000123268	rs1008438	ENSG00000204390	36.6842	12	51134741	4.6791	12	51134741	-10.0868	6	31783208
rs7968440	ENSG00000123268	rs1008438	ENSG00000204390	36.6842	12	51134741	4.6791	12	51134741	-10.0868	6	31783208
rs9532563	ENSG00000120690	chr3:46757116	ENSG00000183625	-4.5913	13	41160270	5.2351	13	41160270	4.7942	3	46757116
rs3802826	ENSG00000134954	rs10161486	ENSG00000150045	5.1989	11	128406438	-5.125	11	128406438	4.6828	12	10609766
rs2731439	ENSG00000123268	rs1000778	ENSG00000167995	36.4794	12	51060350	-5.9227	12	51060350	13.4065	11	61655305
rs7968440	ENSG00000123268	rs1008438	ENSG00000204390	36.6842	12	51134741	4.6791	12	51134741	-10.0868	6	31783208
rs7968440	ENSG00000123268	rs1008438	ENSG00000204390	36.6842	12	51134741	4.6791	12	51134741	-10.0868	6	31783208
rs2731439	ENSG00000123268	rs1000778	ENSG00000167995	36.4794	12	51060350	-5.9227	12	51060350	13.4065	11	61655305
rs3802826	ENSG00000134954	rs10161486	ENSG00000150045	5.1989	11	128406438	-5.125	11	128406438	4.6828	12	10609766
rs2731439	ENSG00000123268	rs1000778	ENSG00000167995	36.4794	12	51060350	-5.9227	12	51060350	13.4065	11	61655305
rs2731439	ENSG00000123268	rs1000778	ENSG00000167995	36.4794	12	51060350	-5.9227	12	51060350	13.4065	11	61655305
rs3802826	ENSG00000134954	rs10161486	ENSG00000150045	5.1989	11	128406438	-5.125	11	128406438	4.6828	12	10609766
rs2731439	ENSG00000123268	rs1000778	ENSG00000167995	36.4794	12	51060350	-5.9227	12	51060350	13.4065	11	61655305
rs9532563	ENSG00000120690	rs1001007	ENSG00000183625	-4.5913	13	41160270	5.2351	13	41160270	-34.2314	3	46428658
rs6782228	ENSG00000179348	chr12:10763175	ENSG00000172322	5.5551	3	128323424	-4.8276	3	128323424	5.2381	12	10763175
rs6782228	ENSG00000179348	chr12:10763175	ENSG00000172322	5.5551	3	128323424	-4.8276	3	128323424	5.2381	12	10763175
rs2731439	ENSG00000123268	rs1000778	ENSG00000167995	36.4794	12	51060350	-5.9227	12	51060350	13.4065	11	61655305
rs7968440	ENSG00000123268	chr6:31783863	ENSG00000204390	36.6842	12	51134741	4.6791	12	51134741	-10.8395	6	31783863
rs12485444	ENSG00000113916	rs1024467	ENSG00000135148	9.7178	3	188135783	-7.4143	3	188135783	4.8642	12	113187354
rs7968440	ENSG00000123268	rs1008438	ENSG00000204390	36.6842	12	51134741	4.6791	12	51134741	-10.0868	6	31783208
rs7968440	ENSG00000123268	rs1008438	ENSG00000204390	36.6842	12	51134741	4.6791	12	51134741	-10.0868	6	31783208
rs12485444	ENSG00000113916	rs1024467	ENSG00000135148	9.7178	3	188135783	-7.4143	3	188135783	4.8642	12	113187354
rs3802826	ENSG00000134954	rs10161486	ENSG00000150045	5.1989	11	128406438	-5.125	11	128406438	4.6828	12	10609766
rs6782228	ENSG00000179348	chr12:10763175	ENSG00000172322	5.5551	3	128323424	-4.8276	3	128323424	5.2381	12	10763175
rs6782228	ENSG00000179348	chr12:10763175	ENSG00000172322	5.5551	3	128323424	-4.8276	3	128323424	5.2381	12	10763175
rs3802826	ENSG00000134954	rs10161486	ENSG00000150045	5.1989	11	128406438	-5.125	11	128406438	4.6828	12	10609766
rs6782228	ENSG00000179348	chr12:10763175	ENSG00000172322	5.5551	3	128323424	-4.8276	3	128323424	5.2381	12	10763175
rs6782228	ENSG00000179348	chr12:10763175	ENSG00000172322	5.5551	3	128323424	-4.8276	3	128323424	5.2381	12	10763175
rs3802826	ENSG00000134954	rs10161486	ENSG00000150045	5.1989	11	128406438	-5.125	11	128406438	4.6828	12	10609766
rs3802826	ENSG00000134954	rs10161486	ENSG00000150045	5.1989	11	128406438	-5.125	11	128406438	4.6828	12	10609766
rs115306967	ENSG00000204304	rs1004439	ENSG00000240505	-6.2462	6	32400939	-5.0484	6	32400939	-5.7456	17	16841924
rs115306967	ENSG00000204304	rs1004439	ENSG00000240505	-6.2462	6	32400939	-5.0484	6	32400939	-5.7456	17	16841924
rs115306967	ENSG00000204304	rs1004439	ENSG00000240505	-6.2462	6	32400939	-5.0484	6	32400939	-5.7456	17	16841924
rs115306967	ENSG00000204304	rs1004439	ENSG00000240505	-6.2462	6	32400939	-5.0484	6	32400939	-5.7456	17	16841924
rs115306967	ENSG00000204304	rs1004439	ENSG00000240505	-6.2462	6	32400939	-5.0484	6	32400939	-5.7456	17	16841924
rs115306967	ENSG00000204304	rs1004439	ENSG00000240505	-6.2462	6	32400939	-5.0484	6	32400939	-5.7456	17	16841924
rs115306967	ENSG00000204304	rs1004439	ENSG00000240505	-6.2462	6	32400939	-5.0484	6	32400939	-5.7456	17	16841924
rs115306967	ENSG00000204304	rs1004439	ENSG00000240505	-6.2462	6	32400939	-5.0484	6	32400939	-5.7456	17	16841924
rs115306967	ENSG00000204304	rs1004439	ENSG00000240505	-6.2462	6	32400939	-5.0484	6	32400939	-5.7456	17	16841924
rs115306967	ENSG00000204304	rs1004439	ENSG00000240505	-6.2462	6	32400939	-5.0484	6	32400939	-5.7456	17	16841924
rs115306967	ENSG00000204304	rs1004439	ENSG00000240505	-6.2462	6	32400939	-5.0484	6	32400939	-5.7456	17	16841924
rs17056278	ENSG00000164330	rs1005455	ENSG00000101017	-4.7292	5	158252438	-4.8438	5	158252438	5.2234	20	44264887
rs17056278	ENSG00000164330	rs1005455	ENSG00000101017	-4.7292	5	158252438	-4.8438	5	158252438	5.2234	20	44264887
rs115306967	ENSG00000204304	rs1004439	ENSG00000240505	-6.2462	6	32400939	-5.0484	6	32400939	-5.7456	17	16841924
rs115306967	ENSG00000204304	rs1004439	ENSG00000240505	-6.2462	6	32400939	-5.0484	6	32400939	-5.7456	17	16841924
rs10991814	ENSG00000165030	rs10159433	ENSG00000176083	-6.6143	9	93949075	-5.1417	9	93949075	-11.0306	1	26618370
rs10991814	ENSG00000165030	rs10159433	ENSG00000176083	-6.6143	9	93949075	-5.1417	9	93949075	-11.0306	1	26618370
rs115306967	ENSG00000204304	rs1004439	ENSG00000240505	-6.2462	6	32400939	-5.0484	6	32400939	-5.7456	17	16841924
rs115306967	ENSG00000204304	rs1004439	ENSG00000240505	-6.2462	6	32400939	-5.0484	6	32400939	-5.7456	17	16841924
rs10991814	ENSG00000165030	rs10159433	ENSG00000176083	-6.6143	9	93949075	-5.1417	9	93949075	-11.0306	1	26618370
rs2731439	ENSG00000123268	rs1000778	ENSG00000167995	36.4794	12	51060350	-5.9227	12	51060350	13.4065	11	61655305
rs2731439	ENSG00000123268	rs1000778	ENSG00000167995	36.4794	12	51060350	-5.9227	12	51060350	13.4065	11	61655305
rs115306967	ENSG00000204304	rs1004439	ENSG00000240505	-6.2462	6	32400939	-5.0484	6	32400939	-5.7456	17	16841924
rs115306967	ENSG00000204304	rs1004439	ENSG00000240505	-6.2462	6	32400939	-5.0484	6	32400939	-5.7456	17	16841924
rs3802826	ENSG00000134954	rs10161486	ENSG00000150045	5.1989	11	128406438	-5.125	11	128406438	4.6828	12	10609766
rs12485444	ENSG00000113916	rs1024467	ENSG00000135148	9.7178	3	188135783	-7.4143	3	188135783	4.8642	12	113187354
rs12485444	ENSG00000113916	rs1024467	ENSG00000135148	9.7178	3	188135783	-7.4143	3	188135783	4.8642	12	113187354
rs2731439	ENSG00000123268	rs1000778	ENSG00000167995	36.4794	12	51060350	-5.9227	12	51060350	13.4065	11	61655305
rs2731439	ENSG00000123268	rs1000778	ENSG00000167995	36.4794	12	51060350	-5.9227	12	51060350	13.4065	11	61655305
rs7968440	ENSG00000123268	rs1008438	ENSG00000204390	36.6842	12	51134741	4.6791	12	51134741	-10.0868	6	31783208
rs7968440	ENSG00000123268	rs1008438	ENSG00000204390	36.6842	12	51134741	4.6791	12	51134741	-10.0868	6	31783208
rs17056278	ENSG00000164330	rs1005455	ENSG00000101017	-4.7292	5	158252438	-4.8438	5	158252438	5.2234	20	44264887
rs17056278	ENSG00000164330	rs1005455	ENSG00000101017	-4.7292	5	158252438	-4.8438	5	158252438	5.2234	20	44264887
rs7968440	ENSG00000123268	chr6:31783863	ENSG00000204390	36.6842	12	51134741	4.6791	12	51134741	-10.8395	6	31783863
rs7968440	ENSG00000123268	rs1008438	ENSG00000204390	36.6842	12	51134741	4.6791	12	51134741	-10.0868	6	31783208
rs7968440	ENSG00000123268	rs1008438	ENSG00000204390	36.6842	12	51134741	4.6791	12	51134741	-10.0868	6	31783208
rs7968440	ENSG00000123268	rs1008438	ENSG00000204390	36.6842	12	51134741	4.6791	12	51134741	-10.0868	6	31783208
rs7968440	ENSG00000123268	rs1008438	ENSG00000204390	36.6842	12	51134741	4.6791	12	51134741	-10.0868	6	31783208
rs17056278	ENSG00000164330	rs1005455	ENSG00000101017	-4.7292	5	158252438	-4.8438	5	158252438	5.2234	20	44264887
rs3802826	ENSG00000134954	rs10161486	ENSG00000150045	5.1989	11	128406438	-5.125	11	128406438	4.6828	12	10609766
rs7968440	ENSG00000123268	chr6:31783863	ENSG00000204390	36.6842	12	51134741	4.6791	12	51134741	-10.8395	6	31783863
rs3802826	ENSG00000134954	rs10161486	ENSG00000150045	5.1989	11	128406438	-5.125	11	128406438	4.6828	12	10609766
rs17056278	ENSG00000164330	rs1005455	ENSG00000101017	-4.7292	5	158252438	-4.8438	5	158252438	5.2234	20	44264887
rs17056278	ENSG00000164330	rs1005455	ENSG00000101017	-4.7292	5	158252438	-4.8438	5	158252438	5.2234	20	44264887
rs115306967	ENSG00000204304	rs1004439	ENSG00000240505	-6.2462	6	32400939	-5.0484	6	32400939	-5.7456	17	16841924
rs115306967	ENSG00000204304	rs1004439	ENSG00000240505	-6.2462	6	32400939	-5.0484	6	32400939	-5.7456	17	16841924
rs7968440	ENSG00000123268	chr6:31783863	ENSG00000204390	36.6842	12	51134741	4.6791	12	51134741	-10.8395	6	31783863
rs9532563	ENSG00000120690	chr3:46757116	ENSG00000183625	-4.5913	13	41160270	5.2351	13	41160270	4.7942	3	46757116
rs9532563	ENSG00000120690	chr3:46757116	ENSG00000183625	-4.5913	13	41160270	5.2351	13	41160270	4.7942	3	46757116
rs10991814	ENSG00000165030	rs10159433	ENSG00000176083	-6.6143	9	93949075	-5.1417	9	93949075	-11.0306	1	26618370
rs10991814	ENSG00000165030	rs10159433	ENSG00000176083	-6.6143	9	93949075	-5.1417	9	93949075	-11.0306	1	26618370
rs7968440	ENSG00000123268	rs1008438	ENSG00000204390	36.6842	12	51134741	4.6791	12	51134741	-10.0868	6	31783208
rs7968440	ENSG00000123268	rs1008438	ENSG00000204390	36.6842	12	51134741	4.6791	12	51134741	-10.0868	6	31783208
rs9532563	ENSG00000120690	rs1001007	ENSG00000183625	-4.5913	13	41160270	5.2351	13	41160270	-34.2314	3	46428658
rs9532563	ENSG00000120690	rs1001007	ENSG00000183625	-4.5913	13	41160270	5.2351	13	41160270	-34.2314	3	46428658
rs17056278	ENSG00000164330	rs1005455	ENSG00000101017	-4.7292	5	158252438	-4.8438	5	158252438	5.2234	20	44264887
rs17056278	ENSG00000164330	rs1005455	ENSG00000101017	-4.7292	5	158252438	-4.8438	5	158252438	5.2234	20	44264887
rs12485444	ENSG00000113916	rs1024467	ENSG00000135148	9.7178	3	188135783	-7.4143	3	188135783	4.8642	12	113187354
rs7968440	ENSG00000123268	chr6:31797272	ENSG00000204390	36.6842	12	51134741	4.6791	12	51134741	-11.9881	6	31797272
rs7968440	ENSG00000123268	chr6:31783863	ENSG00000204390	36.6842	12	51134741	4.6791	12	51134741	-10.8395	6	31783863
rs7968440	ENSG00000123268	rs1008438	ENSG00000204390	36.6842	12	51134741	4.6791	12	51134741	-10.0868	6	31783208
rs7968440	ENSG00000123268	rs1008438	ENSG00000204390	36.6842	12	51134741	4.6791	12	51134741	-10.0868	6	31783208
rs10991814	ENSG00000165030	rs10159433	ENSG00000176083	-6.6143	9	93949075	-5.1417	9	93949075	-11.0306	1	26618370
rs10991814	ENSG00000165030	rs10159433	ENSG00000176083	-6.6143	9	93949075	-5.1417	9	93949075	-11.0306	1	26618370
rs3802826	ENSG00000134954	rs10161486	ENSG00000150045	5.1989	11	128406438	-5.125	11	128406438	4.6828	12	10609766
rs3802826	ENSG00000134954	rs10161486	ENSG00000150045	5.1989	11	128406438	-5.125	11	128406438	4.6828	12	10609766
rs9532563	ENSG00000120690	chr3:46757116	ENSG00000183625	-4.5913	13	41160270	5.2351	13	41160270	4.7942	3	46757116
rs3802826	ENSG00000134954	rs10161486	ENSG00000150045	5.1989	11	128406438	-5.125	11	128406438	4.6828	12	10609766
rs115306967	ENSG00000204304	rs1004439	ENSG00000240505	-6.2462	6	32400939	-5.0484	6	32400939	-5.7456	17	16841924
rs3802826	ENSG00000134954	rs10161486	ENSG00000150045	5.1989	11	128406438	-5.125	11	128406438	4.6828	12	10609766
rs17056278	ENSG00000164330	rs1005455	ENSG00000101017	-4.7292	5	158252438	-4.8438	5	158252438	5.2234	20	44264887
rs17056278	ENSG00000164330	rs1005455	ENSG00000101017	-4.7292	5	158252438	-4.8438	5	158252438	5.2234	20	44264887
rs17056278	ENSG00000164330	rs1005455	ENSG00000101017	-4.7292	5	158252438	-4.8438	5	158252438	5.2234	20	44264887
rs115306967	ENSG00000204304	rs1004439	ENSG00000240505	-6.2462	6	32400939	-5.0484	6	32400939	-5.7456	17	16841924
rs115306967	ENSG00000204304	rs1004439	ENSG00000240505	-6.2462	6	32400939	-5.0484	6	32400939	-5.7456	17	16841924
rs115306967	ENSG00000204304	rs1004439	ENSG00000240505	-6.2462	6	32400939	-5.0484	6	32400939	-5.7456	17	16841924
rs2731439	ENSG00000123268	rs1000778	ENSG00000167995	36.4794	12	51060350	-5.9227	12	51060350	13.4065	11	61655305
rs9532563	ENSG00000120690	chr3:46757116	ENSG00000183625	-4.5913	13	41160270	5.2351	13	41160270	4.7942	3	46757116
rs9532563	ENSG00000120690	chr3:46757116	ENSG00000183625	-4.5913	13	41160270	5.2351	13	41160270	4.7942	3	46757116
rs10991814	ENSG00000165030	rs10159433	ENSG00000176083	-6.6143	9	93949075	-5.1417	9	93949075	-11.0306	1	26618370
rs10991814	ENSG00000165030	rs10159433	ENSG00000176083	-6.6143	9	93949075	-5.1417	9	93949075	-11.0306	1	26618370
rs10991814	ENSG00000165030	rs10159433	ENSG00000176083	-6.6143	9	93949075	-5.1417	9	93949075	-11.0306	1	26618370
rs10991814	ENSG00000165030	rs10159433	ENSG00000176083	-6.6143	9	93949075	-5.1417	9	93949075	-11.0306	1	26618370
rs7968440	ENSG00000123268	chr6:31797272	ENSG00000204390	36.6842	12	51134741	4.6791	12	51134741	-11.9881	6	31797272
rs7968440	ENSG00000123268	chr6:31797272	ENSG00000204390	36.6842	12	51134741	4.6791	12	51134741	-11.9881	6	31797272
rs115306967	ENSG00000204304	rs1004439	ENSG00000240505	-6.2462	6	32400939	-5.0484	6	32400939	-5.7456	17	16841924
rs3802826	ENSG00000134954	rs10161486	ENSG00000150045	5.1989	11	128406438	-5.125	11	128406438	4.6828	12	10609766
rs9532563	ENSG00000120690	rs1001007	ENSG00000183625	-4.5913	13	41160270	5.2351	13	41160270	-34.2314	3	46428658
rs7968440	ENSG00000123268	chr6:31797272	ENSG00000204390	36.6842	12	51134741	4.6791	12	51134741	-11.9881	6	31797272
rs9532563	ENSG00000120690	rs1001007	ENSG00000183625	-4.5913	13	41160270	5.2351	13	41160270	-34.2314	3	46428658
rs3802826	ENSG00000134954	rs10161486	ENSG00000150045	5.1989	11	128406438	-5.125	11	128406438	4.6828	12	10609766
rs9532563	ENSG00000120690	rs1001007	ENSG00000183625	-4.5913	13	41160270	5.2351	13	41160270	-34.2314	3	46428658
rs9532563	ENSG00000120690	rs1001007	ENSG00000183625	-4.5913	13	41160270	5.2351	13	41160270	-34.2314	3	46428658
rs3802826	ENSG00000134954	rs10161486	ENSG00000150045	5.1989	11	128406438	-5.125	11	128406438	4.6828	12	10609766
rs9532563	ENSG00000120690	rs1001007	ENSG00000183625	-4.5913	13	41160270	5.2351	13	41160270	-34.2314	3	46428658
rs9532563	ENSG00000120690	rs1001007	ENSG00000183625	-4.5913	13	41160270	5.2351	13	41160270	-34.2314	3	46428658
rs17056278	ENSG00000164330	rs1005455	ENSG00000101017	-4.7292	5	158252438	-4.8438	5	158252438	5.2234	20	44264887
rs7968440	ENSG00000123268	chr6:31797272	ENSG00000204390	36.6842	12	51134741	4.6791	12	51134741	-11.9881	6	31797272
rs7968440	ENSG00000123268	rs1008438	ENSG00000204390	36.6842	12	51134741	4.6791	12	51134741	-10.0868	6	31783208
rs7968440	ENSG00000123268	rs1008438	ENSG00000204390	36.6842	12	51134741	4.6791	12	51134741	-10.0868	6	31783208
rs9532563	ENSG00000120690	chr3:46757116	ENSG00000183625	-4.5913	13	41160270	5.2351	13	41160270	4.7942	3	46757116
rs7968440	ENSG00000123268	chr6:31797272	ENSG00000204390	36.6842	12	51134741	4.6791	12	51134741	-11.9881	6	31797272
rs9532563	ENSG00000120690	chr3:46757116	ENSG00000183625	-4.5913	13	41160270	5.2351	13	41160270	4.7942	3	46757116
rs2731439	ENSG00000123268	rs1000778	ENSG00000167995	36.4794	12	51060350	-5.9227	12	51060350	13.4065	11	61655305
rs12485444	ENSG00000113916	rs1024467	ENSG00000135148	9.7178	3	188135783	-7.4143	3	188135783	4.8642	12	113187354
rs9532563	ENSG00000120690	rs1001007	ENSG00000183625	-4.5913	13	41160270	5.2351	13	41160270	-34.2314	3	46428658
rs17056278	ENSG00000164330	rs1005455	ENSG00000101017	-4.7292	5	158252438	-4.8438	5	158252438	5.2234	20	44264887
rs17056278	ENSG00000164330	rs1005455	ENSG00000101017	-4.7292	5	158252438	-4.8438	5	158252438	5.2234	20	44264887
rs17056278	ENSG00000164330	rs1005455	ENSG00000101017	-4.7292	5	158252438	-4.8438	5	158252438	5.2234	20	44264887
rs17056278	ENSG00000164330	rs1005455	ENSG00000101017	-4.7292	5	158252438	-4.8438	5	158252438	5.2234	20	44264887
rs17056278	ENSG00000164330	rs1005455	ENSG00000101017	-4.7292	5	158252438	-4.8438	5	158252438	5.2234	20	44264887
rs3802826	ENSG00000134954	rs10161486	ENSG00000150045	5.1989	11	128406438	-5.125	11	128406438	4.6828	12	10609766
rs7968440	ENSG00000123268	rs1008438	ENSG00000204390	36.6842	12	51134741	4.6791	12	51134741	-10.0868	6	31783208
rs7968440	ENSG00000123268	rs1008438	ENSG00000204390	36.6842	12	51134741	4.6791	12	51134741	-10.0868	6	31783208
rs7968440	ENSG00000123268	chr6:31797272	ENSG00000204390	36.6842	12	51134741	4.6791	12	51134741	-11.9881	6	31797272
rs17056278	ENSG00000164330	rs1005455	ENSG00000101017	-4.7292	5	158252438	-4.8438	5	158252438	5.2234	20	44264887
rs115306967	ENSG00000204304	rs1004439	ENSG00000240505	-6.2462	6	32400939	-5.0484	6	32400939	-5.7456	17	16841924
rs12485444	ENSG00000113916	rs1024467	ENSG00000135148	9.7178	3	188135783	-7.4143	3	188135783	4.8642	12	113187354
rs2731439	ENSG00000123268	rs1000778	ENSG00000167995	36.4794	12	51060350	-5.9227	12	51060350	13.4065	11	61655305
rs7968440	ENSG00000123268	chr6:31797272	ENSG00000204390	36.6842	12	51134741	4.6791	12	51134741	-11.9881	6	31797272
rs9532563	ENSG00000120690	chr3:46757116	ENSG00000183625	-4.5913	13	41160270	5.2351	13	41160270	4.7942	3	46757116
rs7968440	ENSG00000123268	chr6:31797272	ENSG00000204390	36.6842	12	51134741	4.6791	12	51134741	-11.9881	6	31797272
rs9532563	ENSG00000120690	chr3:46757116	ENSG00000183625	-4.5913	13	41160270	5.2351	13	41160270	4.7942	3	46757116
rs17056278	ENSG00000164330	rs1005455	ENSG00000101017	-4.7292	5	158252438	-4.8438	5	158252438	5.2234	20	44264887
rs17056278	ENSG00000164330	rs1005455	ENSG00000101017	-4.7292	5	158252438	-4.8438	5	158252438	5.2234	20	44264887
rs115306967	ENSG00000204304	rs1004439	ENSG00000240505	-6.2462	6	32400939	-5.0484	6	32400939	-5.7456	17	16841924
rs115306967	ENSG00000204304	rs1004439	ENSG00000240505	-6.2462	6	32400939	-5.0484	6	32400939	-5.7456	17	16841924
rs10991814	ENSG00000165030	rs10159433	ENSG00000176083	-6.6143	9	93949075	-5.1417	9	93949075	-11.0306	1	26618370
rs10991814	ENSG00000165030	rs10159433	ENSG00000176083	-6.6143	9	93949075	-5.1417	9	93949075	-11.0306	1	26618370
rs17056278	ENSG00000164330	rs1005455	ENSG00000101017	-4.7292	5	158252438	-4.8438	5	158252438	5.2234	20	44264887
rs17056278	ENSG00000164330	rs1005455	ENSG00000101017	-4.7292	5	158252438	-4.8438	5	158252438	5.2234	20	44264887
rs115306967	ENSG00000204304	rs1004439	ENSG00000240505	-6.2462	6	32400939	-5.0484	6	32400939	-5.7456	17	16841924
rs115306967	ENSG00000204304	rs1004439	ENSG00000240505	-6.2462	6	32400939	-5.0484	6	32400939	-5.7456	17	16841924
rs10991814	ENSG00000165030	rs10159433	ENSG00000176083	-6.6143	9	93949075	-5.1417	9	93949075	-11.0306	1	26618370
rs10991814	ENSG00000165030	rs10159433	ENSG00000176083	-6.6143	9	93949075	-5.1417	9	93949075	-11.0306	1	26618370
rs115306967	ENSG00000204304	rs1004439	ENSG00000240505	-6.2462	6	32400939	-5.0484	6	32400939	-5.7456	17	16841924
rs115306967	ENSG00000204304	rs1004439	ENSG00000240505	-6.2462	6	32400939	-5.0484	6	32400939	-5.7456	17	16841924
rs9532563	ENSG00000120690	chr3:46757116	ENSG00000183625	-4.5913	13	41160270	5.2351	13	41160270	4.7942	3	46757116
rs10991814	ENSG00000165030	rs10159433	ENSG00000176083	-6.6143	9	93949075	-5.1417	9	93949075	-11.0306	1	26618370
rs17056278	ENSG00000164330	rs1005455	ENSG00000101017	-4.7292	5	158252438	-4.8438	5	158252438	5.2234	20	44264887
rs12485444	ENSG00000113916	rs1024467	ENSG00000135148	9.7178	3	188135783	-7.4143	3	188135783	4.8642	12	113187354
rs6782228	ENSG00000179348	chr12:10763175	ENSG00000172322	5.5551	3	128323424	-4.8276	3	128323424	5.2381	12	10763175
rs6782228	ENSG00000179348	chr12:10763175	ENSG00000172322	5.5551	3	128323424	-4.8276	3	128323424	5.2381	12	10763175
rs2731439	ENSG00000123268	rs1000778	ENSG00000167995	36.4794	12	51060350	-5.9227	12	51060350	13.4065	11	61655305
rs2731439	ENSG00000123268	rs1000778	ENSG00000167995	36.4794	12	51060350	-5.9227	12	51060350	13.4065	11	61655305
rs7968440	ENSG00000123268	chr6:31797272	ENSG00000204390	36.6842	12	51134741	4.6791	12	51134741	-11.9881	6	31797272
rs7968440	ENSG00000123268	chr6:31797272	ENSG00000204390	36.6842	12	51134741	4.6791	12	51134741	-11.9881	6	31797272
rs12485444	ENSG00000113916	rs1024467	ENSG00000135148	9.7178	3	188135783	-7.4143	3	188135783	4.8642	12	113187354
rs2731439	ENSG00000123268	rs1000778	ENSG00000167995	36.4794	12	51060350	-5.9227	12	51060350	13.4065	11	61655305
rs2731439	ENSG00000123268	rs1000778	ENSG00000167995	36.4794	12	51060350	-5.9227	12	51060350	13.4065	11	61655305
rs2731439	ENSG00000123268	rs1000778	ENSG00000167995	36.4794	12	51060350	-5.9227	12	51060350	13.4065	11	61655305
rs7968440	ENSG00000123268	chr6:31797272	ENSG00000204390	36.6842	12	51134741	4.6791	12	51134741	-11.9881	6	31797272
rs10991814	ENSG00000165030	rs10159433	ENSG00000176083	-6.6143	9	93949075	-5.1417	9	93949075	-11.0306	1	26618370
rs17056278	ENSG00000164330	rs1005455	ENSG00000101017	-4.7292	5	158252438	-4.8438	5	158252438	5.2234	20	44264887
rs17056278	ENSG00000164330	rs1005455	ENSG00000101017	-4.7292	5	158252438	-4.8438	5	158252438	5.2234	20	44264887
rs12485444	ENSG00000113916	rs1024467	ENSG00000135148	9.7178	3	188135783	-7.4143	3	188135783	4.8642	12	113187354
rs3802826	ENSG00000134954	rs10161486	ENSG00000150045	5.1989	11	128406438	-5.125	11	128406438	4.6828	12	10609766
rs3802826	ENSG00000134954	rs10161486	ENSG00000150045	5.1989	11	128406438	-5.125	11	128406438	4.6828	12	10609766
rs2731439	ENSG00000123268	rs1000778	ENSG00000167995	36.4794	12	51060350	-5.9227	12	51060350	13.4065	11	61655305
rs7968440	ENSG00000123268	rs1008438	ENSG00000204390	36.6842	12	51134741	4.6791	12	51134741	-10.0868	6	31783208
rs7968440	ENSG00000123268	rs1008438	ENSG00000204390	36.6842	12	51134741	4.6791	12	51134741	-10.0868	6	31783208
rs9532563	ENSG00000120690	rs1001007	ENSG00000183625	-4.5913	13	41160270	5.2351	13	41160270	-34.2314	3	46428658
rs10991814	ENSG00000165030	rs10159433	ENSG00000176083	-6.6143	9	93949075	-5.1417	9	93949075	-11.0306	1	26618370
rs10991814	ENSG00000165030	rs10159433	ENSG00000176083	-6.6143	9	93949075	-5.1417	9	93949075	-11.0306	1	26618370
rs17056278	ENSG00000164330	rs1005455	ENSG00000101017	-4.7292	5	158252438	-4.8438	5	158252438	5.2234	20	44264887
rs17056278	ENSG00000164330	rs1005455	ENSG00000101017	-4.7292	5	158252438	-4.8438	5	158252438	5.2234	20	44264887
rs115306967	ENSG00000204304	rs1004439	ENSG00000240505	-6.2462	6	32400939	-5.0484	6	32400939	-5.7456	17	16841924
rs115306967	ENSG00000204304	rs1004439	ENSG00000240505	-6.2462	6	32400939	-5.0484	6	32400939	-5.7456	17	16841924
rs115306967	ENSG00000204304	rs1004439	ENSG00000240505	-6.2462	6	32400939	-5.0484	6	32400939	-5.7456	17	16841924
rs115306967	ENSG00000204304	rs1004439	ENSG00000240505	-6.2462	6	32400939	-5.0484	6	32400939	-5.7456	17	16841924
rs9532563	ENSG00000120690	chr3:46757116	ENSG00000183625	-4.5913	13	41160270	5.2351	13	41160270	4.7942	3	46757116
rs9532563	ENSG00000120690	chr3:46757116	ENSG00000183625	-4.5913	13	41160270	5.2351	13	41160270	4.7942	3	46757116
rs10991814	ENSG00000165030	rs10159433	ENSG00000176083	-6.6143	9	93949075	-5.1417	9	93949075	-11.0306	1	26618370
rs10991814	ENSG00000165030	rs10159433	ENSG00000176083	-6.6143	9	93949075	-5.1417	9	93949075	-11.0306	1	26618370
rs7968440	ENSG00000123268	rs1008438	ENSG00000204390	36.6842	12	51134741	4.6791	12	51134741	-10.0868	6	31783208
rs7968440	ENSG00000123268	rs1008438	ENSG00000204390	36.6842	12	51134741	4.6791	12	51134741	-10.0868	6	31783208
rs9532563	ENSG00000120690	chr3:46757116	ENSG00000183625	-4.5913	13	41160270	5.2351	13	41160270	4.7942	3	46757116
rs7968440	ENSG00000123268	chr6:31783863	ENSG00000204390	36.6842	12	51134741	4.6791	12	51134741	-10.8395	6	31783863
rs7968440	ENSG00000123268	chr6:31783863	ENSG00000204390	36.6842	12	51134741	4.6791	12	51134741	-10.8395	6	31783863
rs7968440	ENSG00000123268	chr6:31783863	ENSG00000204390	36.6842	12	51134741	4.6791	12	51134741	-10.8395	6	31783863
rs7968440	ENSG00000123268	chr6:31783863	ENSG00000204390	36.6842	12	51134741	4.6791	12	51134741	-10.8395	6	31783863
rs7968440	ENSG00000123268	rs1008438	ENSG00000204390	36.6842	12	51134741	4.6791	12	51134741	-10.0868	6	31783208
rs7968440	ENSG00000123268	rs1008438	ENSG00000204390	36.6842	12	51134741	4.6791	12	51134741	-10.0868	6	31783208
rs10991814	ENSG00000165030	rs10159433	ENSG00000176083	-6.6143	9	93949075	-5.1417	9	93949075	-11.0306	1	26618370
rs10991814	ENSG00000165030	rs10159433	ENSG00000176083	-6.6143	9	93949075	-5.1417	9	93949075	-11.0306	1	26618370
rs9532563	ENSG00000120690	rs1001007	ENSG00000183625	-4.5913	13	41160270	5.2351	13	41160270	-34.2314	3	46428658
rs9532563	ENSG00000120690	chr3:46757116	ENSG00000183625	-4.5913	13	41160270	5.2351	13	41160270	4.7942	3	46757116
rs7968440	ENSG00000123268	chr6:31797272	ENSG00000204390	36.6842	12	51134741	4.6791	12	51134741	-11.9881	6	31797272
rs10991814	ENSG00000165030	rs10159433	ENSG00000176083	-6.6143	9	93949075	-5.1417	9	93949075	-11.0306	1	26618370
rs7968440	ENSG00000123268	chr6:31797272	ENSG00000204390	36.6842	12	51134741	4.6791	12	51134741	-11.9881	6	31797272
rs7968440	ENSG00000123268	chr6:31783863	ENSG00000204390	36.6842	12	51134741	4.6791	12	51134741	-10.8395	6	31783863
rs10991814	ENSG00000165030	rs10159433	ENSG00000176083	-6.6143	9	93949075	-5.1417	9	93949075	-11.0306	1	26618370
rs10991814	ENSG00000165030	rs10159433	ENSG00000176083	-6.6143	9	93949075	-5.1417	9	93949075	-11.0306	1	26618370
rs115306967	ENSG00000204304	rs1004439	ENSG00000240505	-6.2462	6	32400939	-5.0484	6	32400939	-5.7456	17	16841924
rs10991814	ENSG00000165030	rs10159433	ENSG00000176083	-6.6143	9	93949075	-5.1417	9	93949075	-11.0306	1	26618370
rs10991814	ENSG00000165030	rs10159433	ENSG00000176083	-6.6143	9	93949075	-5.1417	9	93949075	-11.0306	1	26618370
rs2731439	ENSG00000123268	rs1000778	ENSG00000167995	36.4794	12	51060350	-5.9227	12	51060350	13.4065	11	61655305
rs3802826	ENSG00000134954	rs10161486	ENSG00000150045	5.1989	11	128406438	-5.125	11	128406438	4.6828	12	10609766
